timestamp_utc	decision	why	evidence	result
2026-08-11T02:39:27Z	Select standard Array iterator runtime references as the next bounded migration family	The live parent is open, no child already owns this gap, and the generated inventory still contains both expression and type references for this family	Beads current-state query; REFLAXE_OCAML_PRIVATE_RUNTIME_REFERENCE_INVENTORY.json; OcamlBuilder.hx	Selected for a focused red-green-vertical slice
2026-08-11T02:39:27Z	Record the focused red state before implementation	The target AST and request-local authority cannot represent or reconcile a checked private-runtime type name	Haxe 4.3.7 compile of RuntimeUseAuthorityFixture	Failed for the intended reason: typeIdentifier, reconcileType, and TRuntimeIdent do not exist
2026-08-11T03:04:00Z	Keep implicit Array-to-Iterable conversion exact	Authorizing every Array expression would select iterator runtime code for programs that never iterate	structural_iterator_runtime_boundary failed with a missing exact decision at Lambda.count([7, 8, 9])	Added a decision only when the typed call parameter is Iterable<T> with the same element type
2026-08-11T03:20:00Z	Return the standard ArrayIterator class from stored array.iterator	The final Haxe 4.3.7 tree types the stored method as Void -> ArrayIterator<T>; returning HxIterator.t caused an OCaml type error	Focused macro tree and Dune error in Main.ml	Direct and stored forms now use the generated ArrayIterator.create function; only structural adaptation uses HxIterator.of_array
2026-08-11T03:28:00Z	Retire both builder-iterator inventory entries	The expression and type references now carry exact request-local authority before printing	Focused authority tests, structural iterator compile/build/run, regenerated inventory	Inventory changed from 325 to 323 entries; no unrelated family changed
2026-08-11T04:10:00Z	Keep nested function iterator decisions in their own plan	A nested function has a different body revision and becomes active under a separate sealed plan	Second-pass comparison with OcamlArrayReadPlan and focused nested closure	The root planner now stops at TFunction; the focused decision count stays exact
2026-08-11T04:10:00Z	Observe checked runtime types in module declarations	A private type name in a final type declaration must not bypass final-output authority	OcamlModuleItem IType review and a sensitive focused regression	Alias, record field, and variant argument types now reach final reconciliation
2026-08-11T04:10:00Z	Accept the regenerated semantic goldens	The plan revision changes derived IDs and their deterministic sort order, but must not change unrelated lowering meaning	Normalized old/new JSON comparison plus six passing real fixtures	All six snapshots are semantically equal after provenance IDs and revisions are removed
2026-08-11T04:10:00Z	Complete broad and focused verification	The change affects the shared target AST and sealed function plan, so both broad regression and exact boundary proof are required	Full portable portfolio; runtime authority; Array iterator plan; structural iterator vertical; inventory guard	113 of 113 broad fixtures passed; all focused post-review checks passed
