metric	lane	rep	value
compile_wall_ms	ocaml_portable_builtin	1	93
peak_rss_kb	ocaml_portable_builtin	1	46432
compile_wall_ms	ocaml_portable_builtin	2	90
peak_rss_kb	ocaml_portable_builtin	2	46400
compile_wall_ms	ocaml_metal_builtin	1	92
peak_rss_kb	ocaml_metal_builtin	1	46400
compile_wall_ms	ocaml_metal_builtin	2	89
peak_rss_kb	ocaml_metal_builtin	2	46224
compile_wall_ms	js_builtin	1	88
peak_rss_kb	js_builtin	1	46448
compile_wall_ms	js_builtin	2	88
peak_rss_kb	js_builtin	2	46384
compile_wall_ms	js_provider	1	88
peak_rss_kb	js_provider	1	46448
compile_wall_ms	js_provider	2	87
peak_rss_kb	js_provider	2	46144
incremental_rebuild_ms	ocaml_portable_builtin	1	87
incremental_rebuild_ms	ocaml_portable_builtin	2	87
macro_baseline_compile_ms	ocaml_portable_builtin	1	89
macro_enabled_compile_ms	ocaml_portable_builtin	1	99
macro_overhead_ms	ocaml_portable_builtin	1	10
macro_peak_rss_kb	ocaml_portable_builtin	1	46800
macro_baseline_compile_ms	ocaml_portable_builtin	2	106
macro_enabled_compile_ms	ocaml_portable_builtin	2	107
macro_overhead_ms	ocaml_portable_builtin	2	1
macro_peak_rss_kb	ocaml_portable_builtin	2	46624
